<?xml version="1.0" encoding="UTF-8"?>
<java version="1.7.0_80" class="java.beans.XMLDecoder">
 <object class="java.util.ArrayList">
  <void method="add">
   <object class="com.peoplesoft.pt.changeassistant.DatabaseSetInfo">
    <void property="PSAppHOME">
     <string>c:\PT8.55.13_Client_ORA\</string>
    </void>
    <void property="PSAppHOMENew">
     <string>c:\PT8.55.13_Client_ORA\</string>
    </void>
    <void property="PSCustHOME">
     <string>c:\PT8.55.13_Client_ORA\</string>
    </void>
    <void property="PSCustHOMENew">
     <string>c:\PT8.55.13_Client_ORA\</string>
    </void>
    <void property="PSHOME">
     <string>c:\PT8.55.13_Client_ORA\</string>
    </void>
    <void property="SQLQueryExecutable">
     <string>e:\psft\db\oracle-server\12.1.0.2\bin\sqlplus.exe</string>
    </void>
    <void property="databaseType">
     <int>2</int>
    </void>
    <void property="environmentSetName">
     <string>PSFTDB</string>
    </void>
    <void property="industry">
     <string>All</string>
    </void>
    <void property="languages">
     <string>ENG</string>
    </void>
    <void property="newPSHOME">
     <string>c:\PT8.55.13_Client_ORA\</string>
    </void>
    <void property="productLine">
     <string>ENTERPRISE LEARNING MANAGEMENT</string>
    </void>
    <void property="products">
     <string>CCM,UPG,EO,LELM,CO</string>
    </void>
    <void property="targetDB">
     <object class="com.peoplesoft.pt.changeassistant.DatabaseInfo">
      <void property="PSCustHOME">
       <string>c:\PT8.55.13_Client_ORA\</string>
      </void>
      <void property="PSCustHOMENew">
       <string>c:\PT8.55.13_Client_ORA\</string>
      </void>
      <void property="PSHOME">
       <string>c:\PT8.55.13_Client_ORA\</string>
      </void>
      <void property="SQLQueryExecutable">
       <string>e:\psft\db\oracle-server\12.1.0.2\bin\sqlplus.exe</string>
      </void>
      <void property="appHOME">
       <string>c:\PT8.55.13_Client_ORA\</string>
      </void>
      <void property="appHOMENew">
       <string>c:\PT8.55.13_Client_ORA\</string>
      </void>
      <void property="databaseType">
       <int>2</int>
      </void>
      <void property="industry">
       <string>All</string>
      </void>
      <void property="installedLanguages">
       <string>ENG</string>
      </void>
      <void property="newPSHOME">
       <string>c:\PT8.55.13_Client_ORA\</string>
      </void>
      <void property="piaUrl">
       <string>http://&lt;webserver&gt;:&lt;port&gt;/&lt;site&gt;/signon.html</string>
      </void>
      <void property="productLine">
       <string>ENTERPRISE LEARNING MANAGEMENT</string>
      </void>
      <void property="products">
       <string>CCM,UPG,EO,LELM,CO</string>
      </void>
      <void property="sqrBin">
       <string>&lt;PS_Home&gt;\bin\sqr\&lt;plat&gt;\binw</string>
      </void>
      <void property="sqrBinNew">
       <string>&lt;PS_Home&gt;\bin\sqr\&lt;plat&gt;\binw</string>
      </void>
      <void property="sqrFlag">
       <string>-ZIFc:\PT8.55.13_Client_ORA\SQR\PSSQR.INI</string>
      </void>
      <void property="sqrFlagNew">
       <string>-ZIFc:\PT8.55.13_Client_ORA\SQR\PSSQR.INI</string>
      </void>
      <void property="sqrPath">
       <string>&lt;StagingDir&gt;\SQR;&lt;Cust_Home&gt;\SQR;&lt;App_Home&gt;\SQR;&lt;PS_Home&gt;\SQR</string>
      </void>
      <void property="sqrPathNew">
       <string>&lt;StagingDir&gt;\SQR;&lt;Cust_Home&gt;\SQR;&lt;App_Home&gt;\SQR;&lt;PS_Home&gt;\SQR</string>
      </void>
      <void property="targetAccessID">
       <string>SYSADM</string>
      </void>
      <void property="targetAccessPassword">
       <string>JHHHJKJHKIKJIKHIJIHIKKHHIIJHJHIK</string>
      </void>
      <void property="targetBaseLanguage">
       <string>ENG</string>
      </void>
      <void property="targetConnectID">
       <string>people</string>
      </void>
      <void property="targetConnectPassword">
       <string>JHHJJIIKJIIJKKHIHIHHIKHHIJJHHJHJ</string>
      </void>
      <void property="targetDBOwnerPassword">
       <string>JKKIJIKIKHIJHHHHJKHIKKIJIJHIIHJH</string>
      </void>
      <void property="targetDatabaseName">
       <string>PSFTDB</string>
      </void>
      <void property="targetDbVersion">
       <string>8.55.09</string>
      </void>
      <void property="targetUserID">
       <string>PS</string>
      </void>
      <void property="targetUserPassword">
       <string>HJHIIJJHHIKHHJIIKKIIHKHJKJHJJHHJ</string>
      </void>
     </object>
    </void>
   </object>
  </void>
 </object>
</java>
