<?xml version="1.0" encoding="UTF-8"?>
<java version="1.7.0_80" class="java.beans.XMLDecoder">
 <object class="java.util.HashMap">
  <void method="put">
   <string>importType</string>
   <object class="java.lang.Enum" method="valueOf">
    <class>com.peoplesoft.pt.changeassistant.backup.CfgBackupProperties$ImportTypeEnum</class>
    <string>AUTO</string>
   </object>
  </void>
  <void method="put">
   <string>packageName</string>
   <string>changeassistantcfgbak</string>
  </void>
  <void method="put">
   <string>toolsVerCA</string>
   <string>8.55.13</string>
  </void>
  <void method="put">
   <string>optionsIncluded</string>
   <boolean>true</boolean>
  </void>
  <void method="put">
   <string>dbNameList</string>
   <object class="java.util.ArrayList">
    <void method="add">
     <string>PSFTDB</string>
    </void>
   </object>
  </void>
  <void method="put">
   <string>dbDefnNum</string>
   <int>1</int>
  </void>
  <void method="put">
   <string>creator</string>
   <object class="java.lang.Enum" method="valueOf">
    <class>com.peoplesoft.pt.changeassistant.backup.CfgBackupProperties$CreatorTypeEnum</class>
    <string>INSTALLER</string>
   </object>
  </void>
 </object>
</java>
